"alc1","alc2","alc3","alc4","cig1","cig2","cig3","cig4"
1.004,0.615761158891985,0.535582200869297,0.418415621773375,0.650160301218092,0.659412211279106,0.63485823368686,0.53281791213134
0.615761158891985,0.922,0.586815972516086,0.499881510232175,0.494706091745392,0.534327356020633,0.552961319343406,0.518512231740004
0.535582200869297,0.586815972516086,0.832,0.52100086559621,0.40637925143885,0.406967540720387,0.444557775772733,0.431142763102896
0.418415621773375,0.499881510232175,0.52100086559621,0.846,0.375110009823785,0.41037726252803,0.501368520900545,0.597788171338309
0.650160301218092,0.494706091745392,0.40637925143885,0.375110009823785,1.305,1.20342710622621,1.14722860996621,0.968481690978203
0.659412211279106,0.534327356020633,0.406967540720387,0.41037726252803,1.20342710622621,1.536,1.2954962724763,1.19545632721233
0.63485823368686,0.552961319343406,0.444557775772733,0.501368520900545,1.14722860996621,1.2954962724763,1.645,1.37284467590474
0.53281791213134,0.518512231740004,0.431142763102896,0.597788171338309,0.968481690978203,1.19545632721233,1.37284467590474,1.888
