"alc1","alc2","alc3","alc4"
1.004,0.615761158891985,0.535582200869297,0.418415621773375
0.615761158891985,0.922,0.586815972516086,0.499881510232175
0.535582200869297,0.586815972516086,0.832,0.52100086559621
0.418415621773375,0.499881510232175,0.52100086559621,0.846
